class_date,user_uuid,category,coach_id,language,level,challenge_id,country,subscription_date,platform,class_id,stars
1-2-2023,2,meditation,102,it,basic,3,it,6-1-2022,tv,2157,1
22-5-2023,241,power yoga,111,it,basic,1,it,11-5-2022,pc,6172,3
6-8-2022,173,power yoga,117,it,advanced,3,it,12-12-2021,pc,6255,2
8-8-2023,217,hatha,100,en,intermediate,3,uk,7-2-2022,tv,3317,4
11-3-2022,230,power yoga,113,fr,basic,2,fr,9-1-2020,pc,6159,1
23-5-2021,103,meditation,111,fr,basic,1,fr,25-3-2020,tv,2194,3
14-5-2023,217,power yoga,114,it,basic,3,it,7-2-2022,pc,6122,5
9-6-2022,212,power yoga,108,it,advanced,3,it,27-2-2020,pc,6242,3
22-9-2023,199,vinyasa,110,it,advanced,2,it,27-7-2020,tv,4280,2
12-3-2022,120,meditation,119,fr,advanced,0,fr,23-9-2021,tv,2254,2
16-9-2023,236,power yoga,105,it,intermediate,1,it,19-5-2022,tv,6372,2
25-6-2023,47,power yoga,116,it,basic,1,it,10-8-2022,tv,6127,1
24-6-2022,7,vinyasa,112,it,intermediate,0,it,1-9-2021,mobile,431,5
27-7-2022,17,power yoga,115,fr,basic,3,fr,2-7-2021,pc,6112,2
5-1-2023,227,power yoga,119,en,intermediate,1,uk,17-2-2022,tv,6362,1
26-9-2023,229,hatha,111,it,basic,1,it,24-4-2021,tv,3124,2
14-8-2023,100,vinyasa,119,it,advanced,3,it,2-2-2022,mobile,4291,5
2-5-2022,102,vinyasa,111,en,advanced,3,uk,10-5-2021,pc,4217,2
9-12-2023,215,hatha,116,it,advanced,0,it,5-5-2022,mobile,3239,1
23-5-2023,10,vinyasa,102,it,basic,2,it,5-8-2022,mobile,4141,1
4-6-2023,31,power yoga,109,en,advanced,3,uk,7-9-2022,tv,6267,4
12-3-2022,159,power yoga,108,it,advanced,0,it,21-6-2021,pc,6296,4
23-5-2023,155,vinyasa,115,fr,advanced,2,fr,19-12-2022,tv,4261,1
26-12-2023,5,vinyasa,122,en,advanced,0,uk,25-1-2022,mobile,4274,4
13-9-2022,220,vinyasa,106,en,basic,3,uk,5-11-2021,mobile,4124,2
6-12-2023,196,power yoga,122,en,intermediate,0,uk,4-6-2022,tv,6379,1
15-4-2022,166,power yoga,101,it,basic,1,it,22-7-2021,mobile,6156,3
24-10-2021,103,power yoga,110,fr,basic,0,fr,25-3-2020,pc,6139,1
7-3-2022,127,hatha,101,en,intermediate,0,uk,26-5-2021,tv,3310,5
11-4-2022,170,power yoga,115,en,advanced,1,uk,7-10-2021,pc,6250,4
2-10-2023,23,power yoga,113,en,advanced,1,uk,20-9-2021,pc,6216,5
24-6-2022,94,meditation,102,en,advanced,1,uk,24-3-2020,tv,2249,5
17-6-2021,225,vinyasa,104,it,intermediate,1,it,25-12-2020,mobile,4324,5
19-10-2022,9,meditation,107,en,basic,0,uk,21-3-2021,tv,211,1
7-7-2021,157,hatha,105,it,advanced,2,it,12-2-2020,tv,3283,2
3-9-2023,109,vinyasa,111,en,advanced,1,uk,8-8-2022,mobile,4247,4
16-9-2023,54,power yoga,121,it,advanced,0,it,2-5-2022,pc,6293,2
14-3-2023,5,vinyasa,111,fr,intermediate,0,fr,25-1-2022,tv,4346,4
27-2-2023,206,vinyasa,103,en,advanced,1,uk,7-11-2020,tv,4211,5
13-5-2022,1,hatha,121,it,basic,1,it,20-5-2021,pc,3176,3
25-4-2022,159,vinyasa,101,fr,advanced,1,fr,21-6-2021,pc,421,1
2-7-2023,162,hatha,103,fr,basic,0,fr,6-9-2022,tv,3149,5
25-11-2023,237,power yoga,117,en,advanced,3,uk,23-3-2022,tv,6283,5
25-3-2022,175,vinyasa,107,it,advanced,3,it,27-2-2021,pc,425,2
21-9-2022,204,power yoga,110,it,basic,0,it,27-7-2021,tv,612,3
23-7-2022,211,meditation,121,fr,intermediate,1,fr,17-10-2021,tv,2341,4
2-11-2023,162,hatha,122,it,advanced,0,it,6-9-2022,pc,3231,5
5-3-2022,6,power yoga,100,it,advanced,1,it,14-9-2020,tv,6274,4
6-7-2022,166,vinyasa,115,it,basic,1,it,22-7-2021,mobile,4147,1
11-1-2023,217,power yoga,111,it,advanced,2,it,7-2-2022,pc,6251,1
5-4-2022,73,vinyasa,119,en,intermediate,1,uk,14-11-2020,pc,4350,5
7-8-2023,165,power yoga,105,en,advanced,0,uk,3-8-2020,tv,6249,4
16-7-2021,3,power yoga,115,it,basic,2,it,22-7-2020,mobile,6173,4
16-3-2023,133,power yoga,113,en,basic,2,uk,19-7-2022,pc,612,2
2-2-2021,117,hatha,110,it,advanced,3,it,13-7-2020,pc,3238,1
9-9-2022,229,vinyasa,120,it,intermediate,0,it,24-4-2021,tv,433,2
27-3-2023,25,hatha,109,en,advanced,1,uk,28-10-2021,pc,3299,4
16-11-2023,200,vinyasa,110,it,advanced,1,it,24-3-2022,mobile,4295,2
18-9-2022,128,power yoga,120,en,advanced,0,uk,26-1-2021,tv,6245,2
3-6-2023,154,hatha,111,it,intermediate,0,it,27-6-2022,tv,3320,3
26-3-2023,141,power yoga,115,en,intermediate,3,uk,23-5-2021,tv,6388,3
16-6-2022,57,meditation,100,en,advanced,1,uk,11-7-2020,mobile,229,3
8-10-2021,144,power yoga,101,en,advanced,0,uk,13-4-2020,pc,6221,1
17-9-2023,173,vinyasa,119,it,advanced,2,it,12-12-2021,tv,423,1
28-1-2023,98,vinyasa,107,en,advanced,1,uk,26-9-2020,pc,4283,2
9-2-2023,96,vinyasa,117,it,basic,1,it,3-12-2020,pc,4186,1
15-11-2023,192,hatha,111,fr,intermediate,0,fr,1-5-2020,tv,3385,5
8-3-2021,103,vinyasa,119,en,basic,3,uk,25-3-2020,tv,4111,1
11-2-2023,88,vinyasa,103,en,basic,1,uk,12-11-2022,pc,4132,2
11-4-2022,113,vinyasa,109,en,basic,0,uk,18-1-2021,tv,4165,2
13-10-2022,171,hatha,116,it,advanced,1,it,9-8-2021,pc,3226,3
3-4-2023,121,hatha,111,it,advanced,1,it,3-11-2020,mobile,3229,4
12-8-2022,223,hatha,116,en,intermediate,3,uk,1-12-2020,mobile,3353,1
11-7-2023,118,vinyasa,118,en,advanced,1,uk,27-4-2021,pc,4260,3
20-3-2021,199,vinyasa,118,en,basic,0,uk,27-7-2020,pc,4169,1
9-5-2022,209,meditation,100,fr,intermediate,1,fr,6-7-2020,tv,2326,1
18-11-2023,87,hatha,106,it,intermediate,3,it,12-9-2021,tv,3381,5
4-7-2023,99,power yoga,109,it,intermediate,0,it,20-1-2022,tv,6311,3
22-5-2023,163,power yoga,112,it,advanced,3,it,28-11-2022,tv,6295,1
28-7-2023,163,meditation,100,fr,advanced,1,fr,28-11-2022,pc,2266,3
6-11-2023,12,power yoga,118,en,advanced,1,uk,21-8-2022,pc,6233,3
9-10-2021,172,hatha,101,it,intermediate,3,it,22-4-2020,tv,3323,5
18-11-2023,1,vinyasa,115,fr,intermediate,0,fr,20-5-2021,tv,4324,3
18-9-2022,83,vinyasa,111,en,intermediate,0,uk,23-7-2020,tv,438,1
17-7-2023,196,vinyasa,108,it,basic,0,it,4-6-2022,pc,4117,5
5-11-2022,55,meditation,122,en,advanced,2,uk,28-11-2020,pc,2245,5
1-3-2023,201,vinyasa,110,it,basic,2,it,25-11-2022,tv,4183,2
10-6-2022,58,power yoga,106,fr,basic,2,fr,18-11-2021,pc,6196,2
10-4-2023,129,power yoga,118,fr,basic,2,fr,10-11-2022,mobile,617,1
22-3-2023,206,vinyasa,109,it,advanced,3,it,7-11-2020,pc,4268,1
28-1-2023,212,meditation,119,it,advanced,1,it,27-2-2020,pc,2213,3
8-6-2023,108,vinyasa,118,en,advanced,1,uk,8-12-2021,mobile,4242,5
25-8-2023,48,power yoga,109,en,intermediate,0,uk,21-10-2020,tv,6331,1
5-8-2023,210,hatha,114,it,advanced,3,it,24-9-2022,mobile,3292,3
21-3-2023,61,hatha,108,it,advanced,3,it,9-8-2020,pc,3235,3
20-6-2023,241,hatha,117,it,advanced,1,it,11-5-2022,pc,3257,5
12-3-2023,47,power yoga,107,it,advanced,2,it,10-8-2022,tv,6224,4
6-11-2023,245,hatha,122,fr,basic,2,fr,28-11-2022,pc,3178,3
6-3-2022,176,power yoga,104,it,advanced,2,it,7-1-2021,tv,6235,2
19-7-2021,49,power yoga,104,en,advanced,3,uk,24-10-2020,tv,6278,2
1-4-2021,110,power yoga,105,it,basic,1,it,6-1-2020,tv,613,1
18-2-2023,17,vinyasa,116,en,basic,2,uk,2-7-2021,tv,4172,4
10-7-2023,117,hatha,106,en,basic,1,uk,13-7-2020,tv,3139,2
19-2-2023,200,vinyasa,116,it,basic,0,it,24-3-2022,pc,4196,3
1-12-2023,82,hatha,121,it,basic,2,it,21-1-2022,tv,3112,5
25-1-2023,195,power yoga,101,en,intermediate,2,uk,9-12-2022,tv,6331,3
23-10-2023,204,power yoga,100,it,intermediate,1,it,27-7-2021,tv,6312,4
3-12-2021,121,power yoga,118,fr,advanced,1,fr,3-11-2020,tv,6295,4
20-10-2023,140,hatha,120,en,advanced,3,uk,3-10-2021,pc,3255,2
17-3-2023,183,power yoga,105,it,advanced,3,it,20-8-2021,pc,6244,5
14-9-2023,95,power yoga,102,fr,advanced,0,fr,10-3-2022,pc,6283,2
14-4-2022,46,power yoga,117,it,advanced,0,it,8-5-2021,pc,6233,1
8-6-2023,124,power yoga,111,en,basic,1,uk,14-9-2022,tv,6115,4
7-1-2023,68,vinyasa,103,it,intermediate,3,it,14-12-2020,pc,4339,2
11-7-2021,89,vinyasa,106,fr,advanced,0,fr,2-1-2020,mobile,4239,2
6-3-2023,188,power yoga,118,it,advanced,3,it,13-6-2022,pc,6212,1
8-2-2022,176,hatha,120,it,basic,3,it,7-1-2021,pc,319,4
11-1-2023,156,vinyasa,109,en,intermediate,0,uk,18-2-2022,tv,4349,3
6-7-2023,81,hatha,105,en,basic,0,uk,23-8-2022,tv,3191,1
17-9-2022,148,power yoga,115,en,intermediate,3,uk,24-4-2021,tv,6355,5
11-4-2023,50,meditation,110,fr,advanced,2,fr,18-2-2021,mobile,221,4
1-5-2023,92,power yoga,106,it,intermediate,1,it,24-10-2021,mobile,6331,3
17-2-2023,181,meditation,116,it,basic,2,it,9-12-2020,tv,2141,4
4-11-2023,218,meditation,109,it,advanced,1,it,16-2-2021,mobile,2225,1
17-10-2023,102,vinyasa,110,en,basic,0,uk,10-5-2021,pc,4110,5
5-12-2023,10,vinyasa,102,it,advanced,1,it,5-8-2022,mobile,4285,2
24-5-2022,189,hatha,110,fr,basic,0,fr,5-6-2021,tv,317,5
1-12-2023,125,power yoga,101,en,advanced,0,uk,17-4-2021,tv,6242,3
5-6-2022,244,hatha,103,en,basic,3,uk,25-5-2021,mobile,312,2
4-3-2023,10,power yoga,108,fr,intermediate,3,fr,5-8-2022,mobile,6324,2
2-11-2022,97,vinyasa,116,en,basic,2,uk,21-5-2021,mobile,4170,2
13-5-2023,244,meditation,110,it,advanced,0,it,25-5-2021,tv,2221,2
21-5-2022,75,vinyasa,118,it,basic,0,it,20-7-2021,tv,4180,4
23-6-2023,54,power yoga,122,fr,basic,2,fr,2-5-2022,pc,6149,1
18-7-2023,224,power yoga,108,en,advanced,1,uk,4-6-2020,tv,6249,5
26-8-2023,43,meditation,117,fr,basic,0,fr,14-9-2022,pc,2168,3
1-11-2022,230,hatha,117,it,advanced,0,it,9-1-2020,pc,3286,2
27-9-2022,94,vinyasa,114,it,advanced,3,it,24-3-2020,mobile,4240,4
10-7-2023,4,hatha,122,fr,advanced,2,fr,10-5-2022,pc,3231,5
6-12-2023,133,vinyasa,113,en,intermediate,2,uk,19-7-2022,pc,4391,5
4-12-2021,181,vinyasa,105,fr,advanced,1,fr,9-12-2020,tv,4243,5
27-3-2023,113,hatha,116,fr,intermediate,0,fr,18-1-2021,pc,3359,2
17-12-2023,28,vinyasa,106,it,advanced,2,it,1-6-2022,tv,4279,1
4-6-2023,64,meditation,104,it,intermediate,3,it,4-11-2022,tv,2332,1
12-8-2022,85,power yoga,122,it,advanced,3,it,28-3-2020,pc,6272,4
22-4-2023,123,power yoga,106,en,advanced,0,uk,19-9-2021,pc,627,3
6-7-2022,153,power yoga,115,en,intermediate,0,uk,14-6-2020,tv,6315,3
1-2-2023,237,power yoga,115,fr,intermediate,3,fr,23-3-2022,mobile,6352,4
22-2-2022,7,power yoga,112,fr,intermediate,3,fr,1-9-2021,tv,6385,1
13-7-2023,17,vinyasa,106,it,basic,3,it,2-7-2021,pc,4147,3
20-5-2023,27,vinyasa,113,fr,advanced,2,fr,12-1-2021,mobile,4220,4
23-12-2022,58,power yoga,119,en,intermediate,3,uk,18-11-2021,mobile,6333,2
28-4-2021,53,hatha,114,fr,advanced,2,fr,8-10-2020,tv,3235,3
15-3-2023,184,power yoga,101,en,advanced,1,uk,11-8-2022,mobile,624,1
3-11-2022,63,vinyasa,113,en,basic,3,uk,27-2-2020,mobile,4192,2
4-12-2022,159,hatha,117,fr,advanced,3,fr,21-6-2021,pc,3248,2
27-1-2022,65,hatha,118,en,intermediate,1,uk,4-5-2020,tv,3395,2
11-7-2023,189,vinyasa,111,it,basic,3,it,5-6-2021,tv,4157,4
21-2-2022,77,power yoga,101,fr,advanced,0,fr,1-6-2020,tv,6238,2
5-4-2023,214,power yoga,107,en,advanced,2,uk,24-3-2020,tv,6268,5
17-8-2023,243,power yoga,117,en,advanced,1,uk,24-8-2020,pc,6265,1
21-2-2023,174,power yoga,100,en,advanced,0,uk,12-2-2022,mobile,6251,4
23-9-2022,1,meditation,101,it,intermediate,3,it,20-5-2021,pc,2384,4
12-4-2023,22,hatha,120,fr,advanced,1,fr,25-1-2022,mobile,3282,3
18-8-2023,223,vinyasa,115,it,advanced,0,it,1-12-2020,tv,4273,3
6-10-2023,67,vinyasa,113,fr,advanced,1,fr,1-10-2020,mobile,4213,3
19-12-2022,173,vinyasa,111,it,advanced,1,it,12-12-2021,tv,4289,5
15-7-2022,97,vinyasa,104,en,basic,1,uk,21-5-2021,tv,4131,2
6-6-2023,92,meditation,108,fr,advanced,0,fr,24-10-2021,tv,2275,5
16-2-2023,17,hatha,120,fr,advanced,0,fr,2-7-2021,tv,3275,3
25-1-2023,169,meditation,102,it,advanced,3,it,16-6-2021,tv,224,5
14-8-2023,119,hatha,106,it,basic,1,it,25-8-2022,tv,3123,1
2-9-2023,156,power yoga,101,en,advanced,2,uk,18-2-2022,tv,6286,1
27-4-2022,224,hatha,114,it,advanced,3,it,4-6-2020,pc,3236,4
2-10-2023,15,power yoga,111,en,intermediate,1,uk,13-5-2022,tv,6356,3
15-3-2022,21,hatha,105,fr,advanced,3,fr,11-7-2021,mobile,3239,5
10-11-2022,83,power yoga,107,it,intermediate,1,it,23-7-2020,tv,6380,4
27-5-2022,36,power yoga,110,it,advanced,2,it,7-2-2021,tv,6283,5
18-5-2022,108,hatha,106,it,basic,1,it,8-12-2021,tv,3169,5
3-11-2022,26,power yoga,118,en,advanced,2,uk,20-7-2021,tv,6250,2
4-2-2022,25,hatha,107,it,basic,3,it,28-10-2021,tv,3151,4
20-4-2023,184,power yoga,122,en,intermediate,0,uk,11-8-2022,mobile,6319,4
3-12-2021,146,power yoga,110,fr,basic,1,fr,26-4-2020,tv,6156,3
16-4-2022,92,power yoga,102,en,intermediate,1,uk,24-10-2021,tv,6311,1
1-7-2023,168,meditation,122,it,basic,2,it,15-10-2022,mobile,2173,2
24-4-2023,212,power yoga,106,it,intermediate,2,it,27-2-2020,tv,6317,2
8-2-2023,227,meditation,109,en,advanced,3,uk,17-2-2022,pc,2295,1
26-11-2023,51,power yoga,104,fr,advanced,0,fr,9-7-2022,tv,6266,2
13-11-2023,160,power yoga,111,it,basic,2,it,1-1-2021,tv,6137,2
5-8-2023,108,meditation,111,it,basic,1,it,8-12-2021,pc,2188,4
1-10-2021,57,power yoga,100,it,intermediate,1,it,11-7-2020,tv,6389,3
25-4-2022,187,power yoga,122,it,basic,3,it,3-5-2020,pc,6178,5
27-2-2023,160,power yoga,104,it,intermediate,0,it,1-1-2021,tv,6391,3
17-7-2021,67,vinyasa,105,fr,basic,0,fr,1-10-2020,tv,4189,1
27-10-2022,18,power yoga,116,it,basic,0,it,14-12-2021,mobile,6133,4
21-8-2021,79,vinyasa,115,en,basic,3,uk,12-12-2020,pc,4175,5
12-1-2023,23,power yoga,112,en,intermediate,0,uk,20-9-2021,pc,6326,2
2-4-2022,192,power yoga,117,fr,basic,3,fr,1-5-2020,mobile,6123,3
5-4-2023,15,hatha,119,en,advanced,2,uk,13-5-2022,pc,3252,4
9-9-2021,19,hatha,105,fr,basic,3,fr,12-4-2020,pc,3112,4
12-8-2022,128,vinyasa,100,it,basic,3,it,26-1-2021,tv,4142,2
13-5-2023,15,vinyasa,105,en,basic,3,uk,13-5-2022,tv,4129,4
26-8-2023,105,meditation,102,en,advanced,2,uk,25-1-2022,tv,229,5
5-5-2023,44,hatha,108,en,basic,3,uk,9-12-2020,tv,313,4
8-2-2022,19,power yoga,101,it,advanced,2,it,12-4-2020,pc,6289,3
23-2-2023,196,vinyasa,110,it,advanced,2,it,4-6-2022,tv,4294,3
19-1-2022,173,vinyasa,122,en,advanced,0,uk,12-12-2021,pc,4240,4
10-9-2023,215,power yoga,122,en,basic,3,uk,5-5-2022,tv,6164,1
3-2-2022,38,meditation,117,en,basic,0,uk,2-1-2021,tv,2114,1
25-4-2023,134,vinyasa,111,it,basic,1,it,20-11-2022,pc,4153,2
2-3-2023,139,hatha,110,it,advanced,1,it,28-3-2020,tv,3285,2
2-2-2023,156,power yoga,122,it,advanced,2,it,18-2-2022,tv,6214,3
14-6-2023,177,power yoga,113,it,basic,0,it,17-3-2022,pc,6153,1
14-9-2022,164,meditation,109,fr,intermediate,1,fr,20-2-2021,tv,2360,3
2-1-2022,171,hatha,105,it,basic,0,it,9-8-2021,mobile,3113,4
27-11-2022,20,hatha,100,it,advanced,3,it,10-2-2020,pc,3298,4
16-9-2023,237,power yoga,122,it,advanced,2,it,23-3-2022,pc,6225,1
13-5-2023,38,meditation,120,it,advanced,2,it,2-1-2021,tv,2273,4
12-4-2022,50,vinyasa,120,it,basic,2,it,18-2-2021,tv,4148,3
8-12-2023,77,vinyasa,114,en,advanced,0,uk,1-6-2020,pc,4250,4
21-3-2022,120,meditation,114,it,advanced,0,it,23-9-2021,pc,2260,5
28-12-2023,237,vinyasa,120,fr,intermediate,2,fr,23-3-2022,tv,4319,4
14-10-2023,5,power yoga,121,it,advanced,3,it,25-1-2022,tv,6296,5
27-8-2022,24,vinyasa,113,fr,basic,1,fr,9-9-2020,tv,4136,2
25-3-2022,186,vinyasa,119,en,advanced,2,uk,12-8-2020,tv,4263,1
27-5-2023,90,meditation,109,it,advanced,0,it,13-3-2022,tv,225,4
7-8-2023,210,power yoga,119,en,intermediate,2,uk,24-9-2022,pc,6381,1
20-11-2021,206,power yoga,122,it,intermediate,0,it,7-11-2020,tv,6399,3
26-8-2022,120,hatha,120,fr,advanced,1,fr,23-9-2021,mobile,3261,4
6-10-2023,231,vinyasa,117,it,advanced,1,it,3-1-2022,pc,429,5
20-6-2023,109,power yoga,103,fr,basic,1,fr,8-8-2022,pc,6146,3
7-6-2023,1,meditation,121,fr,intermediate,0,fr,20-5-2021,pc,2334,2
19-11-2023,84,power yoga,122,en,intermediate,0,uk,9-6-2020,tv,639,1
16-11-2021,144,hatha,116,it,intermediate,1,it,13-4-2020,pc,3311,5
9-7-2023,64,power yoga,108,it,intermediate,1,it,4-11-2022,pc,6397,4
3-10-2023,228,vinyasa,112,it,basic,3,it,23-5-2022,tv,4150,2
8-10-2022,165,hatha,100,it,intermediate,3,it,3-8-2020,mobile,3384,1
8-3-2023,214,power yoga,101,it,intermediate,2,it,24-3-2020,mobile,638,3
19-5-2022,92,power yoga,119,en,intermediate,2,uk,24-10-2021,tv,6391,4
23-8-2023,142,vinyasa,117,it,advanced,3,it,20-5-2022,pc,4294,5
16-4-2023,2,power yoga,119,it,basic,0,it,6-1-2022,tv,6180,2
25-3-2022,125,vinyasa,110,en,advanced,2,uk,17-4-2021,pc,4226,4
5-3-2022,220,hatha,108,en,basic,3,uk,5-11-2021,pc,3121,5
10-10-2023,162,power yoga,103,en,advanced,2,uk,6-9-2022,pc,6222,3
23-10-2023,162,meditation,105,it,basic,3,it,6-9-2022,tv,2177,5
23-1-2022,161,power yoga,120,en,intermediate,1,uk,23-10-2021,tv,6370,1
4-12-2023,51,power yoga,108,fr,advanced,3,fr,9-7-2022,mobile,6241,5
18-6-2023,66,power yoga,111,it,intermediate,3,it,19-3-2020,tv,6357,4
23-10-2022,38,power yoga,119,it,advanced,3,it,2-1-2021,pc,6210,1
21-11-2021,206,power yoga,114,en,advanced,1,uk,7-11-2020,mobile,6229,4
6-9-2021,69,vinyasa,119,fr,advanced,0,fr,23-8-2020,pc,4251,1
11-10-2023,161,meditation,106,it,intermediate,3,it,23-10-2021,pc,2353,2
14-10-2022,20,hatha,118,fr,intermediate,0,fr,10-2-2020,pc,331,3
27-11-2023,48,power yoga,107,en,advanced,3,uk,21-10-2020,tv,6215,3
17-6-2022,130,hatha,122,en,advanced,3,uk,10-2-2021,pc,3224,4
27-11-2022,83,meditation,117,fr,basic,2,fr,23-7-2020,tv,2120,4
20-6-2023,168,hatha,119,it,advanced,2,it,15-10-2022,mobile,3251,5
2-10-2023,125,power yoga,105,fr,intermediate,2,fr,17-4-2021,pc,6358,2
16-10-2023,226,power yoga,100,fr,advanced,3,fr,4-10-2020,mobile,6261,3
13-8-2022,27,hatha,121,fr,basic,2,fr,12-1-2021,tv,3191,3
28-6-2023,174,power yoga,105,en,advanced,1,uk,12-2-2022,pc,6233,3
28-9-2022,70,vinyasa,114,fr,advanced,2,fr,3-12-2021,tv,4222,5
18-12-2022,153,power yoga,121,it,intermediate,2,it,14-6-2020,tv,6376,3
26-3-2022,192,meditation,119,en,intermediate,0,uk,1-5-2020,mobile,237,3
19-4-2023,241,meditation,100,it,intermediate,2,it,11-5-2022,tv,2388,2
18-6-2023,178,hatha,102,it,basic,1,it,15-6-2022,pc,3197,4
25-5-2023,15,vinyasa,120,en,intermediate,3,uk,13-5-2022,tv,4388,4
7-5-2022,197,power yoga,121,en,advanced,2,uk,8-8-2021,tv,6223,3
10-9-2022,202,meditation,107,it,basic,3,it,4-2-2020,tv,2121,2
12-1-2022,239,vinyasa,106,en,basic,1,uk,4-2-2020,tv,4136,5
4-3-2023,14,power yoga,118,fr,intermediate,1,fr,14-1-2021,tv,6318,2
5-1-2022,202,power yoga,112,it,intermediate,0,it,4-2-2020,tv,6363,2
19-4-2023,141,vinyasa,107,en,basic,3,uk,23-5-2021,pc,4175,2
22-3-2023,119,power yoga,109,it,basic,1,it,25-8-2022,tv,6165,3
16-5-2022,161,hatha,107,it,basic,0,it,23-10-2021,tv,3131,4
1-6-2022,138,power yoga,112,it,advanced,2,it,6-4-2020,tv,6236,4
13-8-2022,121,power yoga,122,it,basic,0,it,3-11-2020,pc,6168,1
14-10-2022,169,vinyasa,109,it,intermediate,2,it,16-6-2021,tv,4375,5
4-5-2023,104,power yoga,121,it,basic,2,it,11-4-2022,pc,6173,2
5-5-2022,240,meditation,122,it,advanced,1,it,15-1-2021,pc,2247,5
6-4-2022,191,meditation,109,fr,advanced,2,fr,15-5-2021,pc,2243,4
25-12-2023,97,vinyasa,111,it,advanced,1,it,21-5-2021,tv,4299,4
23-5-2023,37,power yoga,111,en,advanced,1,uk,4-9-2021,tv,6270,4
28-2-2023,198,power yoga,120,it,intermediate,0,it,4-7-2021,mobile,6396,2
13-2-2021,182,vinyasa,114,fr,advanced,1,fr,14-3-2020,tv,4250,5
21-8-2023,133,power yoga,104,it,advanced,2,it,19-7-2022,pc,6271,3
12-5-2023,105,hatha,120,it,advanced,3,it,25-1-2022,tv,3233,2
24-12-2023,23,power yoga,104,it,advanced,2,it,20-9-2021,mobile,6263,2
14-2-2022,232,meditation,107,it,advanced,2,it,25-6-2021,tv,2244,5
2-9-2021,230,meditation,121,en,intermediate,0,uk,9-1-2020,mobile,233,1
26-10-2023,10,power yoga,116,it,intermediate,1,it,5-8-2022,pc,6362,2
6-7-2023,36,power yoga,111,en,intermediate,3,uk,7-2-2021,tv,6391,3
25-11-2022,198,power yoga,112,fr,basic,1,fr,4-7-2021,pc,6113,3
6-6-2023,158,power yoga,114,fr,intermediate,3,fr,18-3-2020,tv,6318,2
13-6-2023,224,vinyasa,117,it,basic,1,it,4-6-2020,tv,4146,5
14-3-2023,190,power yoga,120,it,advanced,2,it,28-6-2021,tv,6238,5
5-11-2023,28,vinyasa,101,en,basic,1,uk,1-6-2022,mobile,4128,5
21-2-2023,131,vinyasa,122,it,basic,3,it,26-3-2022,mobile,411,4
13-9-2023,64,power yoga,106,it,advanced,3,it,4-11-2022,tv,6285,4
27-10-2022,41,power yoga,121,en,basic,0,uk,1-8-2021,tv,6161,3
14-7-2023,241,power yoga,117,en,advanced,1,uk,11-5-2022,pc,6281,5
22-10-2023,76,vinyasa,109,fr,intermediate,3,fr,14-5-2020,pc,4389,5
1-4-2023,126,meditation,114,it,basic,3,it,2-3-2022,pc,2111,5
13-11-2022,38,vinyasa,112,fr,intermediate,2,fr,2-1-2021,tv,4340,3
15-8-2023,39,power yoga,121,fr,basic,2,fr,3-8-2020,tv,6163,2
17-12-2022,244,meditation,110,fr,advanced,3,fr,25-5-2021,tv,2238,1
23-12-2023,227,meditation,117,it,intermediate,1,it,17-2-2022,tv,2320,2
24-9-2022,213,meditation,111,it,intermediate,2,it,24-9-2021,pc,2326,4
25-4-2022,164,vinyasa,101,en,basic,3,uk,20-2-2021,mobile,4176,1
5-3-2022,120,hatha,122,it,basic,2,it,23-9-2021,tv,3160,2
11-1-2023,15,hatha,122,it,intermediate,2,it,13-5-2022,tv,3392,4
9-9-2021,224,hatha,120,en,basic,1,uk,4-6-2020,tv,315,2
27-9-2023,197,vinyasa,105,it,basic,2,it,8-8-2021,pc,4149,5
1-7-2023,70,power yoga,116,fr,basic,3,fr,3-12-2021,tv,6190,2
22-9-2022,221,power yoga,105,it,advanced,0,it,25-4-2021,pc,6211,2
1-6-2023,97,meditation,103,en,intermediate,2,uk,21-5-2021,mobile,2386,5
5-6-2023,168,power yoga,119,fr,intermediate,3,fr,15-10-2022,pc,6341,4
3-7-2023,212,meditation,121,en,intermediate,2,uk,27-2-2020,pc,2332,5
4-2-2022,221,power yoga,113,it,advanced,1,it,25-4-2021,pc,6282,4
10-4-2022,233,hatha,100,en,advanced,1,uk,11-6-2021,pc,325,4
26-5-2022,242,hatha,116,en,advanced,1,uk,6-10-2021,tv,3284,1
10-8-2021,153,hatha,100,fr,basic,1,fr,14-6-2020,tv,3185,1
18-11-2022,69,meditation,109,en,basic,1,uk,23-8-2020,tv,2147,1
2-5-2023,5,power yoga,111,en,advanced,0,uk,25-1-2022,pc,6243,5
6-6-2023,235,power yoga,120,en,advanced,2,uk,11-2-2021,mobile,622,1
6-7-2023,82,power yoga,113,it,advanced,3,it,21-1-2022,tv,6256,4
7-3-2023,175,power yoga,101,en,basic,2,uk,27-2-2021,mobile,6188,5
14-2-2023,52,hatha,107,it,basic,1,it,15-3-2022,mobile,3165,1
25-9-2023,129,hatha,119,en,advanced,2,uk,10-11-2022,mobile,3287,1
15-5-2022,93,vinyasa,101,fr,advanced,0,fr,4-7-2021,tv,4260,5
16-4-2023,184,power yoga,104,it,intermediate,0,it,11-8-2022,pc,6326,4
16-8-2023,126,hatha,109,en,basic,2,uk,2-3-2022,pc,3170,5
28-12-2022,38,power yoga,112,it,intermediate,3,it,2-1-2021,mobile,6321,4
21-3-2023,228,hatha,102,en,intermediate,1,uk,23-5-2022,mobile,339,3
3-7-2023,147,vinyasa,107,it,advanced,3,it,21-2-2021,pc,425,5
8-4-2023,119,hatha,106,fr,advanced,2,fr,25-8-2022,pc,3250,4
4-9-2023,22,power yoga,115,fr,intermediate,2,fr,25-1-2022,tv,6382,4
2-6-2023,71,meditation,120,en,advanced,1,uk,10-5-2021,pc,2286,5
9-11-2021,89,meditation,106,fr,basic,0,fr,2-1-2020,pc,2116,5
3-4-2021,91,meditation,104,it,basic,3,it,2-3-2020,tv,2135,3
19-10-2022,202,vinyasa,114,it,advanced,2,it,4-2-2020,tv,4233,1
3-9-2022,84,vinyasa,104,it,basic,1,it,9-6-2020,tv,4140,3
22-12-2023,99,power yoga,112,en,basic,0,uk,20-1-2022,mobile,6121,2
5-6-2021,49,meditation,105,fr,basic,0,fr,24-10-2020,tv,2138,5
27-10-2023,201,vinyasa,108,fr,intermediate,3,fr,25-11-2022,tv,4398,2
25-4-2023,231,vinyasa,113,it,basic,2,it,3-1-2022,tv,4155,1
25-2-2022,67,vinyasa,110,en,basic,2,uk,1-10-2020,pc,4135,1
23-8-2023,132,meditation,104,en,basic,1,uk,25-7-2022,mobile,2151,2
9-11-2023,37,meditation,103,it,advanced,1,it,4-9-2021,mobile,2246,1
6-11-2022,150,power yoga,108,it,advanced,2,it,1-4-2021,tv,6237,1
23-4-2022,149,hatha,109,it,basic,3,it,11-5-2020,pc,3155,4
11-10-2023,143,hatha,102,en,advanced,0,uk,22-5-2022,tv,3265,3
25-4-2022,48,meditation,121,en,advanced,2,uk,21-10-2020,tv,2240,5
6-5-2023,141,meditation,122,it,basic,3,it,23-5-2021,pc,2196,5
18-11-2023,95,meditation,121,it,basic,3,it,10-3-2022,pc,2188,1
18-5-2021,146,hatha,107,fr,basic,1,fr,26-4-2020,tv,3110,2
16-12-2023,100,power yoga,113,en,basic,1,uk,2-2-2022,mobile,6157,3
15-7-2022,152,hatha,122,it,basic,3,it,1-10-2021,tv,3131,1
24-10-2023,68,power yoga,120,en,advanced,0,uk,14-12-2020,pc,6220,1
28-1-2023,155,vinyasa,106,it,advanced,2,it,19-12-2022,pc,4222,2
15-3-2023,245,power yoga,105,it,intermediate,0,it,28-11-2022,mobile,6338,5
6-8-2023,138,meditation,103,it,intermediate,2,it,6-4-2020,tv,2364,1
26-7-2021,16,vinyasa,115,it,basic,3,it,2-4-2020,pc,4150,1
12-4-2022,127,vinyasa,113,fr,advanced,2,fr,26-5-2021,tv,4222,5
14-1-2023,162,vinyasa,111,it,advanced,2,it,6-9-2022,pc,4235,3
4-11-2023,127,vinyasa,106,fr,advanced,3,fr,26-5-2021,mobile,4274,3
5-5-2023,205,vinyasa,103,fr,basic,0,fr,22-1-2021,tv,4163,4
24-10-2023,200,vinyasa,114,it,basic,3,it,24-3-2022,pc,4118,3
8-10-2023,99,hatha,104,en,basic,3,uk,20-1-2022,mobile,3178,2
15-7-2023,65,power yoga,118,fr,advanced,1,fr,4-5-2020,mobile,6234,5
26-9-2021,49,hatha,104,it,basic,2,it,24-10-2020,tv,3176,3
26-2-2023,125,hatha,112,en,advanced,2,uk,17-4-2021,tv,3262,1
28-1-2023,87,hatha,112,it,basic,2,it,12-9-2021,tv,3142,3
27-9-2023,40,hatha,106,it,advanced,0,it,8-9-2021,tv,3252,5
14-9-2022,164,meditation,104,it,intermediate,3,it,20-2-2021,mobile,2338,2
23-10-2023,107,vinyasa,120,fr,intermediate,2,fr,14-11-2020,pc,4353,5
10-9-2023,135,meditation,117,en,intermediate,0,uk,16-8-2021,pc,2368,5
10-1-2023,2,power yoga,100,fr,intermediate,1,fr,6-1-2022,pc,6379,1
8-7-2023,110,vinyasa,121,it,advanced,2,it,6-1-2020,tv,4283,2
9-1-2023,133,vinyasa,113,it,advanced,2,it,19-7-2022,mobile,4211,2
10-6-2021,192,power yoga,100,en,basic,3,uk,1-5-2020,pc,614,1
27-9-2021,49,power yoga,110,fr,basic,2,fr,24-10-2020,mobile,6194,1
8-6-2022,220,hatha,104,it,intermediate,1,it,5-11-2021,tv,3398,1
26-5-2023,16,vinyasa,103,en,advanced,0,uk,2-4-2020,tv,4263,4
2-1-2022,53,hatha,100,it,intermediate,3,it,8-10-2020,pc,3395,1
20-3-2022,93,meditation,112,fr,intermediate,1,fr,4-7-2021,mobile,2325,3
12-12-2023,96,meditation,115,it,basic,3,it,3-12-2020,tv,2131,2
22-8-2023,132,vinyasa,111,it,basic,1,it,25-7-2022,mobile,4125,1
3-8-2022,159,vinyasa,103,it,advanced,1,it,21-6-2021,tv,4259,5
22-9-2023,100,meditation,110,fr,advanced,2,fr,2-2-2022,mobile,2225,4
27-6-2023,178,vinyasa,103,it,basic,1,it,15-6-2022,pc,4120,1
25-12-2023,126,meditation,107,it,basic,3,it,2-3-2022,pc,2124,5
5-7-2022,93,meditation,109,fr,advanced,0,fr,4-7-2021,tv,2285,4
17-1-2023,45,hatha,119,it,basic,2,it,16-10-2022,tv,3194,2
7-2-2023,197,power yoga,104,it,advanced,1,it,8-8-2021,tv,6293,3
27-8-2022,84,meditation,120,it,advanced,2,it,9-6-2020,pc,2278,2
2-1-2023,32,hatha,117,it,basic,3,it,7-3-2022,pc,3148,4
24-7-2022,97,vinyasa,116,fr,basic,3,fr,21-5-2021,tv,4148,1
12-7-2023,63,hatha,105,it,basic,0,it,27-2-2020,mobile,3188,1
18-6-2023,52,meditation,105,it,intermediate,3,it,15-3-2022,tv,2332,2
7-5-2023,179,power yoga,109,it,basic,2,it,13-4-2022,tv,6156,3
18-1-2023,160,power yoga,114,en,advanced,0,uk,1-1-2021,tv,628,5
19-5-2022,115,vinyasa,119,it,basic,0,it,8-1-2020,pc,4110,1
24-6-2022,242,meditation,118,it,intermediate,3,it,6-10-2021,pc,2366,1
12-8-2023,55,meditation,122,fr,advanced,1,fr,28-11-2020,tv,225,4
3-8-2023,204,hatha,102,en,intermediate,2,uk,27-7-2021,pc,3369,1
1-7-2023,171,meditation,122,en,advanced,0,uk,9-8-2021,tv,2223,1
15-4-2023,237,meditation,110,it,advanced,1,it,23-3-2022,pc,2299,2
10-3-2022,136,power yoga,112,en,advanced,1,uk,7-5-2021,pc,6232,5
5-1-2023,195,power yoga,118,it,intermediate,1,it,9-12-2022,pc,6381,3
1-8-2023,31,power yoga,122,it,basic,3,it,7-9-2022,tv,6142,5
6-5-2022,203,power yoga,112,fr,intermediate,2,fr,28-3-2021,tv,6362,5
10-9-2023,66,vinyasa,118,it,intermediate,1,it,19-3-2020,tv,4376,1
10-3-2023,163,power yoga,108,it,advanced,3,it,28-11-2022,tv,6280,1
7-4-2023,64,power yoga,107,it,basic,3,it,4-11-2022,mobile,614,5
19-3-2021,121,power yoga,110,en,advanced,3,uk,3-11-2020,pc,6234,3
6-2-2022,116,vinyasa,116,it,basic,3,it,9-10-2021,pc,4174,2
23-11-2023,245,power yoga,100,en,basic,1,uk,28-11-2022,tv,6147,3
23-3-2022,113,power yoga,116,en,advanced,1,uk,18-1-2021,tv,6285,3
16-4-2023,136,power yoga,111,fr,advanced,0,fr,7-5-2021,pc,6259,5
14-4-2023,217,hatha,119,fr,advanced,2,fr,7-2-2022,pc,3292,4
6-7-2023,46,vinyasa,115,en,advanced,1,uk,8-5-2021,tv,4285,1
8-12-2022,78,vinyasa,121,it,basic,1,it,24-2-2021,tv,4133,2
15-3-2023,46,hatha,101,it,advanced,1,it,8-5-2021,mobile,3277,3
8-8-2023,228,vinyasa,114,fr,intermediate,3,fr,23-5-2022,mobile,4324,2
18-4-2022,53,hatha,115,it,advanced,0,it,8-10-2020,mobile,3293,2
3-5-2023,81,meditation,110,it,intermediate,0,it,23-8-2022,mobile,2310,3
13-9-2023,51,hatha,111,en,advanced,1,uk,9-7-2022,tv,3248,3
1-6-2021,187,power yoga,106,en,advanced,3,uk,3-5-2020,mobile,6228,4
21-3-2023,193,meditation,110,it,intermediate,1,it,14-11-2021,pc,2327,5
9-2-2023,121,power yoga,105,it,advanced,3,it,3-11-2020,tv,6260,5
13-2-2023,244,meditation,104,en,advanced,3,uk,25-5-2021,pc,2241,5
6-6-2023,116,power yoga,111,en,advanced,3,uk,9-10-2021,tv,6265,5
7-4-2023,100,vinyasa,109,it,basic,0,it,2-2-2022,pc,4190,2
22-3-2022,128,hatha,121,en,basic,3,uk,26-1-2021,tv,3129,2
27-5-2023,156,meditation,121,it,advanced,2,it,18-2-2022,pc,224,4
23-4-2022,9,vinyasa,112,en,basic,1,uk,21-3-2021,pc,4162,4
28-5-2021,186,meditation,113,fr,advanced,1,fr,12-8-2020,pc,2241,1
26-8-2022,197,meditation,107,en,intermediate,0,uk,8-8-2021,pc,2323,5
8-11-2021,96,power yoga,122,fr,advanced,2,fr,3-12-2020,pc,6251,4
26-1-2023,52,meditation,100,en,advanced,2,uk,15-3-2022,mobile,2270,2
25-6-2023,11,hatha,116,it,advanced,1,it,23-11-2020,tv,3251,4
5-7-2023,195,meditation,109,it,advanced,0,it,9-12-2022,pc,2219,3
9-12-2022,25,power yoga,122,it,advanced,1,it,28-10-2021,pc,6292,4
23-6-2023,49,vinyasa,102,en,basic,0,uk,24-10-2020,tv,4125,3
27-11-2023,134,hatha,110,fr,advanced,3,fr,20-11-2022,mobile,3260,1
27-5-2021,11,power yoga,121,en,basic,2,uk,23-11-2020,tv,612,4
1-9-2023,195,vinyasa,109,it,basic,0,it,9-12-2022,tv,4191,2
1-11-2022,233,power yoga,120,en,advanced,0,uk,11-6-2021,tv,6278,1
6-11-2023,200,hatha,119,it,intermediate,0,it,24-3-2022,tv,3343,1
19-8-2023,9,power yoga,111,fr,advanced,0,fr,21-3-2021,tv,6237,3
21-7-2023,218,vinyasa,104,it,basic,2,it,16-2-2021,pc,4119,5
15-11-2023,174,vinyasa,112,it,advanced,3,it,12-2-2022,tv,4251,1
25-9-2021,61,vinyasa,107,it,intermediate,2,it,9-8-2020,tv,4332,2
4-6-2023,239,power yoga,107,en,basic,0,uk,4-2-2020,mobile,615,2
6-12-2023,241,power yoga,115,en,advanced,1,uk,11-5-2022,pc,6219,3
27-4-2023,231,vinyasa,122,it,advanced,2,it,3-1-2022,mobile,426,4
5-10-2022,220,vinyasa,117,it,intermediate,0,it,5-11-2021,tv,4358,5
12-1-2023,162,vinyasa,100,fr,advanced,3,fr,6-9-2022,tv,4216,4
24-3-2023,45,power yoga,110,it,intermediate,0,it,16-10-2022,mobile,6361,1
12-9-2022,204,vinyasa,100,en,intermediate,2,uk,27-7-2021,tv,4327,3
27-3-2023,79,hatha,115,fr,basic,1,fr,12-12-2020,mobile,3128,5
2-1-2023,24,power yoga,107,en,basic,3,uk,9-9-2020,tv,6192,3
11-8-2022,59,power yoga,101,en,intermediate,1,uk,25-6-2021,pc,6368,5
6-5-2023,54,meditation,122,it,intermediate,1,it,2-5-2022,tv,233,5
5-9-2023,100,vinyasa,116,fr,advanced,0,fr,2-2-2022,tv,4291,1
11-3-2023,178,power yoga,100,it,advanced,2,it,15-6-2022,pc,6229,2
7-3-2023,137,power yoga,110,it,basic,2,it,1-3-2022,tv,6185,2
9-1-2023,90,hatha,114,it,basic,3,it,13-3-2022,pc,3174,3
4-5-2023,177,power yoga,110,en,basic,1,uk,17-3-2022,pc,6161,2
15-8-2023,236,hatha,107,it,intermediate,2,it,19-5-2022,mobile,3339,3
12-2-2023,91,hatha,116,it,advanced,0,it,2-3-2020,mobile,3295,2
3-3-2023,229,power yoga,107,en,intermediate,2,uk,24-4-2021,tv,639,2
2-8-2023,217,vinyasa,106,it,basic,0,it,7-2-2022,tv,4199,4
3-5-2023,78,vinyasa,107,fr,basic,0,fr,24-2-2021,pc,4156,2
3-7-2022,202,power yoga,112,it,basic,2,it,4-2-2020,pc,6125,1
22-5-2023,54,meditation,112,it,basic,3,it,2-5-2022,pc,2111,4
25-1-2023,4,hatha,122,it,intermediate,3,it,10-5-2022,pc,3333,1
23-1-2023,99,meditation,116,it,intermediate,3,it,20-1-2022,tv,2387,4
15-3-2023,210,hatha,120,it,advanced,1,it,24-9-2022,pc,325,1
7-10-2023,60,hatha,108,fr,basic,0,fr,10-11-2020,pc,3158,4
26-2-2023,226,power yoga,111,en,advanced,3,uk,4-10-2020,tv,6232,2
1-10-2023,46,vinyasa,106,it,advanced,1,it,8-5-2021,tv,4288,5
13-3-2022,21,power yoga,103,it,basic,0,it,11-7-2021,tv,6165,2
28-3-2022,14,power yoga,107,it,intermediate,0,it,14-1-2021,mobile,6380,5
28-2-2023,32,hatha,108,en,intermediate,2,uk,7-3-2022,pc,3381,4
28-6-2023,15,power yoga,102,en,advanced,2,uk,13-5-2022,pc,6227,3
13-9-2021,158,power yoga,119,fr,advanced,3,fr,18-3-2020,pc,6271,3
19-9-2023,142,meditation,110,fr,advanced,1,fr,20-5-2022,mobile,2244,2
26-8-2023,77,power yoga,106,fr,basic,1,fr,1-6-2020,tv,6163,2
23-11-2023,168,power yoga,112,en,intermediate,2,uk,15-10-2022,tv,6358,4
19-1-2023,67,hatha,118,it,intermediate,0,it,1-10-2020,tv,3372,3
6-5-2023,111,vinyasa,104,en,intermediate,1,uk,1-9-2020,mobile,4349,4
15-10-2021,199,vinyasa,117,it,intermediate,3,it,27-7-2020,tv,433,3
6-11-2023,30,vinyasa,108,en,basic,0,uk,23-1-2021,pc,4122,4
27-9-2023,112,vinyasa,117,it,advanced,0,it,21-5-2021,mobile,4257,4
26-9-2023,95,power yoga,104,en,intermediate,1,uk,10-3-2022,tv,6347,4
18-2-2023,86,power yoga,109,en,intermediate,2,uk,14-11-2022,tv,6356,5
17-4-2023,120,power yoga,113,it,intermediate,3,it,23-9-2021,tv,6383,4
22-10-2023,117,power yoga,112,en,intermediate,0,uk,13-7-2020,pc,6359,5
9-11-2022,75,meditation,101,en,intermediate,1,uk,20-7-2021,pc,2310,5
12-9-2022,230,power yoga,122,en,advanced,3,uk,9-1-2020,pc,6259,4
6-6-2023,43,power yoga,107,it,basic,0,it,14-9-2022,tv,6153,3
19-4-2023,158,power yoga,118,it,advanced,2,it,18-3-2020,tv,6267,2
28-2-2022,160,hatha,122,it,intermediate,3,it,1-1-2021,pc,3379,1
20-1-2023,19,power yoga,106,it,advanced,0,it,12-4-2020,tv,6248,5
18-11-2023,172,vinyasa,105,it,basic,3,it,22-4-2020,tv,4156,4
4-1-2023,210,vinyasa,104,it,basic,2,it,24-9-2022,mobile,4177,5
2-3-2022,98,vinyasa,112,it,advanced,2,it,26-9-2020,tv,4225,3
16-8-2021,67,power yoga,113,en,advanced,2,uk,1-10-2020,mobile,628,4
17-3-2022,125,meditation,115,it,intermediate,3,it,17-4-2021,pc,2366,2
17-9-2021,202,vinyasa,102,it,intermediate,0,it,4-2-2020,pc,438,5
15-3-2022,203,power yoga,121,it,intermediate,2,it,28-3-2021,pc,636,2
5-8-2023,163,vinyasa,114,fr,intermediate,2,fr,28-11-2022,tv,4337,2
3-2-2022,53,hatha,111,it,basic,3,it,8-10-2020,tv,3120,5
20-9-2022,234,power yoga,105,fr,intermediate,0,fr,19-11-2021,pc,6359,3
8-9-2022,93,power yoga,102,en,basic,2,uk,4-7-2021,tv,6128,3
13-12-2023,75,hatha,110,fr,basic,3,fr,20-7-2021,tv,314,2
2-5-2022,94,vinyasa,102,en,basic,1,uk,24-3-2020,tv,4125,3
27-9-2023,236,power yoga,113,en,basic,3,uk,19-5-2022,mobile,6140,2
20-12-2023,237,meditation,110,en,basic,0,uk,23-3-2022,pc,2136,2
10-7-2023,65,power yoga,110,en,intermediate,0,uk,4-5-2020,pc,6399,5
24-4-2023,136,vinyasa,119,it,intermediate,3,it,7-5-2021,pc,4313,1
14-6-2022,170,vinyasa,107,it,advanced,3,it,7-10-2021,tv,4284,5
9-9-2022,136,power yoga,115,fr,advanced,3,fr,7-5-2021,pc,6237,2
19-8-2023,62,hatha,114,en,intermediate,2,uk,3-9-2022,tv,3366,4
3-12-2022,239,meditation,110,fr,advanced,0,fr,4-2-2020,pc,2215,2
2-9-2021,144,power yoga,106,it,intermediate,1,it,13-4-2020,tv,6337,5
4-2-2022,36,power yoga,122,it,intermediate,1,it,7-2-2021,tv,6310,4
5-7-2023,229,vinyasa,105,it,intermediate,3,it,24-4-2021,pc,4380,5
21-4-2022,120,power yoga,101,en,basic,2,uk,23-9-2021,pc,6176,2
14-3-2023,90,vinyasa,109,it,intermediate,1,it,13-3-2022,pc,4320,1
26-7-2023,70,vinyasa,116,fr,intermediate,2,fr,3-12-2021,tv,4368,3
9-10-2023,93,vinyasa,107,it,intermediate,3,it,4-7-2021,mobile,4314,5
14-1-2023,30,power yoga,115,it,intermediate,1,it,23-1-2021,tv,6359,1
12-11-2023,72,vinyasa,117,it,basic,3,it,12-10-2022,tv,4190,4
16-6-2023,129,meditation,101,it,intermediate,2,it,10-11-2022,tv,239,2
16-8-2023,119,meditation,106,it,advanced,2,it,25-8-2022,pc,2229,2
11-3-2023,40,power yoga,114,en,advanced,0,uk,8-9-2021,tv,6245,2
20-1-2023,104,vinyasa,112,en,advanced,1,uk,11-4-2022,tv,4252,3
15-12-2022,211,power yoga,109,it,advanced,1,it,17-10-2021,tv,6243,1
12-5-2021,44,hatha,110,it,advanced,1,it,9-12-2020,pc,3297,1
12-1-2021,3,hatha,102,en,advanced,0,uk,22-7-2020,mobile,3228,1
2-1-2023,178,hatha,115,it,advanced,1,it,15-6-2022,tv,3224,3
8-9-2022,149,vinyasa,116,it,intermediate,3,it,11-5-2020,pc,4375,4
26-5-2023,109,vinyasa,106,en,advanced,2,uk,8-8-2022,tv,4270,2
17-3-2023,131,vinyasa,113,fr,basic,3,fr,26-3-2022,mobile,4179,1
13-12-2023,210,vinyasa,116,it,basic,2,it,24-9-2022,pc,4136,4
4-2-2023,27,vinyasa,115,fr,advanced,3,fr,12-1-2021,pc,4235,5
24-6-2023,35,meditation,100,it,basic,0,it,19-7-2022,pc,2197,3
23-1-2022,115,meditation,109,fr,advanced,1,fr,8-1-2020,pc,2257,4
14-7-2021,172,vinyasa,102,it,advanced,0,it,22-4-2020,mobile,4214,5
22-12-2023,135,power yoga,106,fr,basic,0,fr,16-8-2021,mobile,6116,5
7-10-2023,92,hatha,117,it,advanced,0,it,24-10-2021,pc,3251,4
2-11-2023,93,power yoga,118,it,advanced,3,it,4-7-2021,pc,623,3
15-5-2022,113,meditation,120,fr,intermediate,0,fr,18-1-2021,pc,236,4
10-7-2023,41,hatha,120,it,basic,2,it,1-8-2021,tv,3192,1
6-9-2023,25,power yoga,110,en,basic,3,uk,28-10-2021,pc,6162,5
21-7-2022,118,meditation,111,fr,basic,1,fr,27-4-2021,tv,219,1
23-8-2022,50,power yoga,102,it,basic,0,it,18-2-2021,pc,6116,1
22-11-2022,144,vinyasa,113,it,basic,0,it,13-4-2020,pc,4120,5
12-9-2021,65,power yoga,120,fr,basic,0,fr,4-5-2020,mobile,6172,5
10-4-2022,38,power yoga,103,en,advanced,3,uk,2-1-2021,mobile,6251,3
24-5-2023,81,vinyasa,116,it,intermediate,1,it,23-8-2022,tv,4340,3
9-9-2022,37,vinyasa,119,it,intermediate,0,it,4-9-2021,tv,4331,4
4-3-2023,88,power yoga,117,it,basic,1,it,12-11-2022,pc,6198,5
12-1-2023,16,hatha,116,it,intermediate,3,it,2-4-2020,tv,3337,1
16-4-2023,72,vinyasa,122,it,advanced,3,it,12-10-2022,pc,4255,5
24-8-2021,230,vinyasa,107,it,advanced,1,it,9-1-2020,pc,4229,4
3-8-2023,202,hatha,106,fr,basic,3,fr,4-2-2020,tv,3120,1
27-2-2021,107,hatha,115,it,basic,3,it,14-11-2020,tv,3155,1
6-3-2023,69,vinyasa,122,fr,basic,2,fr,23-8-2020,tv,4156,2
7-5-2023,163,power yoga,120,en,basic,2,uk,28-11-2022,mobile,6199,1
6-5-2023,36,meditation,106,it,advanced,1,it,7-2-2021,tv,2247,3
27-2-2023,183,power yoga,100,it,basic,0,it,20-8-2021,tv,6145,1
13-3-2023,71,vinyasa,117,it,advanced,2,it,10-5-2021,tv,4226,5
2-3-2022,173,vinyasa,114,fr,basic,1,fr,12-12-2021,pc,4122,4
7-9-2023,185,hatha,119,it,basic,3,it,21-10-2020,pc,3149,2
22-12-2023,190,power yoga,100,en,intermediate,0,uk,28-6-2021,pc,6399,2
14-12-2022,41,vinyasa,111,en,intermediate,0,uk,1-8-2021,mobile,4396,4
2-12-2021,84,meditation,114,en,basic,1,uk,9-6-2020,pc,2140,4
11-12-2022,25,vinyasa,119,it,intermediate,0,it,28-10-2021,tv,431,1
8-4-2022,26,power yoga,103,it,advanced,1,it,20-7-2021,tv,6248,2
22-1-2022,182,vinyasa,115,en,intermediate,1,uk,14-3-2020,pc,438,4
16-3-2022,169,power yoga,122,it,basic,3,it,16-6-2021,mobile,6124,4
11-6-2023,106,hatha,109,it,advanced,3,it,23-12-2022,pc,3279,5
27-10-2022,37,vinyasa,116,it,advanced,1,it,4-9-2021,tv,4242,5
9-2-2023,47,power yoga,122,en,advanced,3,uk,10-8-2022,mobile,6225,5
5-2-2022,225,vinyasa,117,en,basic,3,uk,25-12-2020,mobile,419,5
25-9-2023,187,vinyasa,106,it,basic,2,it,3-5-2020,pc,4145,1
8-6-2022,53,meditation,107,en,advanced,1,uk,8-10-2020,mobile,2269,4
18-3-2022,239,power yoga,107,en,basic,1,uk,4-2-2020,tv,6198,2
10-9-2022,29,power yoga,118,en,advanced,0,uk,6-7-2021,mobile,6230,2
4-8-2023,134,power yoga,104,fr,advanced,0,fr,20-11-2022,mobile,6219,3
5-1-2022,101,power yoga,112,it,advanced,2,it,6-5-2021,pc,6285,5
24-9-2022,175,power yoga,111,en,advanced,2,uk,27-2-2021,tv,6230,3
9-2-2023,119,power yoga,105,it,basic,1,it,25-8-2022,tv,6130,5
3-11-2023,86,meditation,106,it,advanced,0,it,14-11-2022,tv,2243,2
1-12-2023,243,vinyasa,100,it,basic,0,it,24-8-2020,pc,4143,1
16-2-2023,68,power yoga,102,fr,advanced,3,fr,14-12-2020,mobile,6216,5
13-3-2022,170,power yoga,116,it,advanced,0,it,7-10-2021,tv,6215,5
22-7-2023,153,power yoga,121,en,basic,3,uk,14-6-2020,mobile,611,3
1-7-2021,79,meditation,100,it,intermediate,2,it,12-12-2020,pc,2326,4
23-1-2023,40,vinyasa,113,it,intermediate,1,it,8-9-2021,pc,4335,2
11-2-2022,229,hatha,115,fr,basic,3,fr,24-4-2021,tv,3191,5
28-7-2022,70,hatha,100,en,basic,3,uk,3-12-2021,tv,3173,2
10-8-2023,168,power yoga,120,en,advanced,0,uk,15-10-2022,pc,6295,4
27-8-2023,15,power yoga,118,it,intermediate,0,it,13-5-2022,mobile,6311,1
18-10-2022,118,meditation,103,fr,advanced,2,fr,27-4-2021,mobile,2276,1
26-1-2023,117,power yoga,110,en,intermediate,0,uk,13-7-2020,pc,6331,1
3-8-2022,39,power yoga,110,fr,advanced,2,fr,3-8-2020,tv,6230,2
5-9-2023,10,hatha,106,it,basic,1,it,5-8-2022,pc,3133,1
28-2-2022,190,vinyasa,109,it,advanced,2,it,28-6-2021,pc,4216,3
11-12-2023,47,hatha,115,en,basic,1,uk,10-8-2022,tv,319,5
15-7-2022,18,power yoga,109,it,advanced,3,it,14-12-2021,pc,6238,3
8-6-2023,118,power yoga,107,fr,advanced,3,fr,27-4-2021,tv,6222,3
3-9-2023,124,meditation,111,en,advanced,0,uk,14-9-2022,tv,2211,1
23-5-2023,4,meditation,118,fr,advanced,2,fr,10-5-2022,tv,2251,2
13-3-2021,226,power yoga,120,it,advanced,0,it,4-10-2020,pc,628,4
23-9-2023,37,vinyasa,112,en,advanced,1,uk,4-9-2021,tv,4210,3
9-5-2023,190,power yoga,122,it,advanced,2,it,28-6-2021,pc,6243,3
9-12-2022,93,power yoga,105,en,intermediate,1,uk,4-7-2021,tv,6389,5
6-4-2022,25,hatha,119,en,basic,2,uk,28-10-2021,tv,3174,5
22-8-2023,95,vinyasa,114,it,intermediate,2,it,10-3-2022,tv,4331,2
23-1-2022,30,power yoga,108,it,intermediate,3,it,23-1-2021,tv,6344,3
12-10-2022,239,power yoga,112,fr,advanced,3,fr,4-2-2020,tv,6288,1
9-1-2023,163,meditation,116,en,advanced,3,uk,28-11-2022,tv,2294,3
2-7-2021,117,power yoga,105,it,intermediate,0,it,13-7-2020,pc,6322,1
28-3-2022,36,hatha,118,en,basic,0,uk,7-2-2021,tv,3142,2
8-5-2023,17,hatha,116,en,intermediate,1,uk,2-7-2021,mobile,3326,1
19-10-2023,1,power yoga,102,it,basic,1,it,20-5-2021,tv,6124,3
13-11-2022,140,vinyasa,112,fr,intermediate,0,fr,3-10-2021,pc,4315,3
28-12-2023,124,hatha,122,en,intermediate,2,uk,14-9-2022,tv,3349,4
19-5-2023,114,hatha,118,fr,basic,2,fr,8-7-2022,mobile,3136,2
12-12-2023,117,vinyasa,100,it,advanced,0,it,13-7-2020,pc,4245,5
14-2-2023,110,power yoga,120,en,intermediate,2,uk,6-1-2020,pc,6337,1
23-12-2022,58,power yoga,108,it,advanced,1,it,18-11-2021,mobile,629,3
4-3-2022,189,meditation,108,it,basic,3,it,5-6-2021,tv,2143,3
4-11-2022,38,power yoga,105,en,advanced,3,uk,2-1-2021,mobile,6213,2
11-8-2023,174,vinyasa,104,it,advanced,2,it,12-2-2022,tv,4214,5
26-2-2023,205,hatha,111,en,advanced,3,uk,22-1-2021,tv,3232,1
3-3-2023,103,vinyasa,111,fr,advanced,2,fr,25-3-2020,mobile,4279,3
17-1-2022,23,vinyasa,104,it,basic,2,it,20-9-2021,tv,416,5
28-12-2023,100,power yoga,113,fr,basic,1,fr,2-2-2022,pc,6168,1
5-3-2023,220,power yoga,104,it,basic,1,it,5-11-2021,tv,6126,5
25-12-2022,161,hatha,115,en,intermediate,1,uk,23-10-2021,mobile,3337,5
9-11-2023,50,hatha,105,it,advanced,0,it,18-2-2021,tv,3267,4
7-9-2022,120,vinyasa,103,it,advanced,0,it,23-9-2021,tv,4229,5
26-11-2022,244,power yoga,101,en,advanced,2,uk,25-5-2021,pc,6261,4
6-2-2023,83,vinyasa,116,it,advanced,3,it,23-7-2020,pc,4279,4
27-1-2023,56,power yoga,109,it,advanced,0,it,28-9-2020,tv,6234,4
24-1-2023,141,meditation,112,it,advanced,0,it,23-5-2021,tv,2239,5
27-3-2023,15,power yoga,111,it,intermediate,1,it,13-5-2022,pc,636,4
21-6-2023,204,power yoga,118,it,basic,3,it,27-7-2021,tv,6126,1
13-8-2022,58,power yoga,111,it,intermediate,0,it,18-11-2021,tv,6328,3
12-5-2023,174,power yoga,119,fr,advanced,3,fr,12-2-2022,tv,6264,4
18-5-2022,219,vinyasa,118,en,basic,2,uk,24-12-2021,tv,4176,4
2-11-2023,227,power yoga,119,fr,advanced,2,fr,17-2-2022,pc,6261,3
10-9-2022,14,vinyasa,103,en,basic,2,uk,14-1-2021,tv,4156,2
3-10-2022,205,power yoga,103,it,basic,1,it,22-1-2021,tv,6175,4
23-6-2023,31,power yoga,111,it,advanced,2,it,7-9-2022,mobile,6215,4
12-1-2023,193,power yoga,116,en,basic,0,uk,14-11-2021,mobile,6191,2
24-12-2023,237,power yoga,101,en,advanced,2,uk,23-3-2022,pc,6263,2
18-5-2023,114,power yoga,102,fr,basic,0,fr,8-7-2022,pc,6135,4
12-9-2023,177,power yoga,121,it,advanced,1,it,17-3-2022,tv,627,2
21-10-2023,116,vinyasa,120,en,advanced,0,uk,9-10-2021,tv,4279,2
26-3-2022,118,power yoga,106,fr,basic,0,fr,27-4-2021,tv,6198,3
13-9-2023,31,meditation,120,en,advanced,1,uk,7-9-2022,mobile,229,1
27-7-2022,53,vinyasa,110,en,intermediate,1,uk,8-10-2020,tv,4382,5
27-6-2023,122,meditation,118,en,intermediate,0,uk,17-12-2022,pc,2365,4
5-8-2023,70,power yoga,117,fr,advanced,2,fr,3-12-2021,tv,6255,3
26-6-2023,160,power yoga,107,it,advanced,0,it,1-1-2021,tv,6227,5
25-2-2023,179,vinyasa,119,it,advanced,0,it,13-4-2022,tv,4269,3
22-7-2023,30,power yoga,118,fr,advanced,1,fr,23-1-2021,pc,6252,3
9-7-2023,15,vinyasa,102,fr,advanced,0,fr,13-5-2022,tv,4237,4
18-12-2023,55,vinyasa,110,fr,basic,3,fr,28-11-2020,pc,4133,2
21-6-2021,111,vinyasa,115,en,intermediate,1,uk,1-9-2020,mobile,4313,2
23-12-2022,233,power yoga,102,en,advanced,2,uk,11-6-2021,tv,6296,4
1-8-2023,155,hatha,104,en,advanced,0,uk,19-12-2022,mobile,3278,1
2-10-2023,100,power yoga,106,en,advanced,2,uk,2-2-2022,tv,6286,2
18-7-2023,86,meditation,116,it,basic,3,it,14-11-2022,pc,2142,2
5-6-2021,89,hatha,106,fr,basic,1,fr,2-1-2020,pc,3192,5
18-10-2023,187,vinyasa,106,fr,advanced,3,fr,3-5-2020,tv,4233,1
17-1-2022,56,vinyasa,122,it,basic,3,it,28-9-2020,tv,4154,1
17-8-2023,175,power yoga,107,it,basic,2,it,27-2-2021,tv,6170,2
23-5-2023,1,power yoga,113,fr,advanced,3,fr,20-5-2021,tv,623,1
20-11-2023,237,power yoga,122,it,intermediate,3,it,23-3-2022,tv,6393,5
8-3-2023,51,vinyasa,111,en,basic,3,uk,9-7-2022,pc,4149,2
17-6-2022,190,power yoga,101,fr,basic,3,fr,28-6-2021,pc,6132,5
11-1-2022,89,power yoga,106,it,advanced,3,it,2-1-2020,pc,6274,4
26-7-2023,228,vinyasa,112,fr,advanced,0,fr,23-5-2022,pc,4263,2
6-7-2022,25,power yoga,115,en,advanced,1,uk,28-10-2021,tv,6215,4
14-3-2023,143,vinyasa,106,en,advanced,1,uk,22-5-2022,pc,4213,3
4-6-2021,225,hatha,104,it,advanced,1,it,25-12-2020,tv,3293,2
15-6-2022,101,hatha,114,it,advanced,3,it,6-5-2021,mobile,3244,2
17-8-2023,183,power yoga,100,it,basic,3,it,20-8-2021,tv,6165,5
23-6-2023,73,power yoga,109,fr,basic,0,fr,14-11-2020,mobile,6165,2
5-12-2023,8,power yoga,108,fr,basic,1,fr,23-4-2022,tv,615,2
27-11-2023,32,power yoga,104,it,advanced,0,it,7-3-2022,tv,6260,1
1-8-2023,231,power yoga,115,it,intermediate,3,it,3-1-2022,pc,634,3
15-2-2023,117,vinyasa,122,en,advanced,0,uk,13-7-2020,mobile,4267,1
6-5-2023,237,power yoga,117,fr,advanced,0,fr,23-3-2022,pc,6221,2
9-12-2023,180,power yoga,121,it,advanced,2,it,8-2-2021,tv,628,5
13-1-2023,215,meditation,118,fr,basic,0,fr,5-5-2022,pc,2165,4
7-2-2022,243,meditation,120,fr,advanced,3,fr,24-8-2020,tv,2293,2
8-3-2022,219,meditation,106,it,basic,1,it,24-12-2021,pc,219,1
14-5-2022,176,power yoga,113,en,basic,0,uk,7-1-2021,tv,6119,3
21-11-2023,232,hatha,118,fr,basic,3,fr,25-6-2021,pc,3158,2
13-1-2023,27,power yoga,110,fr,basic,2,fr,12-1-2021,mobile,613,5
2-9-2022,222,vinyasa,109,it,intermediate,0,it,5-5-2021,tv,4395,3
16-5-2021,76,vinyasa,100,fr,advanced,3,fr,14-5-2020,tv,4244,3
2-4-2023,29,vinyasa,100,en,basic,0,uk,6-7-2021,mobile,4170,4
18-4-2023,142,hatha,105,it,advanced,3,it,20-5-2022,tv,3280,5
27-11-2023,35,vinyasa,115,it,basic,0,it,19-7-2022,mobile,4127,5
22-3-2023,76,power yoga,112,it,advanced,0,it,14-5-2020,tv,6239,2
13-12-2021,53,meditation,112,it,advanced,2,it,8-10-2020,mobile,2231,5
24-1-2022,190,hatha,113,it,advanced,2,it,28-6-2021,mobile,3222,3
9-7-2022,71,hatha,117,it,basic,1,it,10-5-2021,pc,3165,4
3-6-2022,58,vinyasa,105,it,advanced,1,it,18-11-2021,tv,4258,4
16-2-2023,150,power yoga,117,fr,basic,0,fr,1-4-2021,pc,6157,5
11-12-2022,141,vinyasa,120,it,basic,1,it,23-5-2021,tv,4112,4
24-10-2023,124,vinyasa,113,en,advanced,2,uk,14-9-2022,tv,4297,4
7-8-2021,145,power yoga,115,it,basic,2,it,13-1-2020,pc,6198,5
8-1-2021,202,power yoga,111,it,advanced,3,it,4-2-2020,pc,6283,2
6-10-2023,43,power yoga,113,fr,advanced,0,fr,14-9-2022,tv,6283,1
15-7-2023,206,power yoga,121,en,basic,3,uk,7-11-2020,pc,6153,3
5-12-2023,163,vinyasa,108,it,advanced,3,it,28-11-2022,mobile,4245,5
21-2-2023,119,vinyasa,105,fr,advanced,1,fr,25-8-2022,pc,4210,2
24-1-2023,2,vinyasa,119,it,advanced,1,it,6-1-2022,tv,4248,4
6-11-2022,190,power yoga,119,en,basic,3,uk,28-6-2021,tv,6168,4
8-9-2022,244,power yoga,121,it,advanced,0,it,25-5-2021,tv,6291,4
24-5-2023,210,hatha,117,it,intermediate,0,it,24-9-2022,tv,3325,2
8-12-2022,171,vinyasa,120,it,basic,2,it,9-8-2021,mobile,4143,2
20-4-2023,100,hatha,103,en,advanced,2,uk,2-2-2022,tv,323,2
9-4-2022,151,power yoga,105,it,advanced,1,it,2-12-2020,tv,623,2
27-10-2023,8,meditation,103,en,advanced,3,uk,23-4-2022,tv,2239,1
12-9-2023,82,hatha,111,it,advanced,1,it,21-1-2022,tv,328,1
18-2-2022,26,meditation,116,fr,advanced,0,fr,20-7-2021,pc,2255,2
19-4-2023,62,hatha,112,it,basic,0,it,3-9-2022,mobile,3172,1
27-3-2023,76,vinyasa,116,fr,basic,0,fr,14-5-2020,tv,4196,5
6-12-2023,100,power yoga,105,it,basic,0,it,2-2-2022,tv,6143,1
23-3-2023,50,power yoga,109,fr,advanced,0,fr,18-2-2021,pc,6271,4
2-8-2023,195,power yoga,108,fr,advanced,3,fr,9-12-2022,pc,6226,4
23-12-2023,32,power yoga,101,it,advanced,1,it,7-3-2022,pc,6240,5
19-2-2023,88,vinyasa,105,it,basic,0,it,12-11-2022,tv,4158,2
8-4-2022,110,power yoga,108,fr,basic,1,fr,6-1-2020,pc,6150,1
5-10-2023,227,vinyasa,102,it,advanced,2,it,17-2-2022,tv,4277,4
22-5-2022,7,power yoga,105,fr,basic,2,fr,1-9-2021,tv,6187,2
7-6-2023,41,power yoga,116,fr,advanced,3,fr,1-8-2021,tv,6215,5
27-5-2023,88,hatha,113,it,basic,0,it,12-11-2022,mobile,3173,5
24-7-2023,37,power yoga,114,en,advanced,3,uk,4-9-2021,pc,6214,3
28-7-2023,202,vinyasa,114,en,intermediate,2,uk,4-2-2020,pc,4316,1
11-10-2022,59,vinyasa,106,it,intermediate,1,it,25-6-2021,mobile,4343,1
15-3-2023,188,power yoga,117,fr,basic,2,fr,13-6-2022,pc,6137,4
19-11-2022,69,vinyasa,121,it,advanced,1,it,23-8-2020,pc,4238,1
25-1-2023,40,power yoga,109,en,advanced,1,uk,8-9-2021,tv,6229,1
4-3-2023,156,vinyasa,115,it,advanced,2,it,18-2-2022,tv,4261,5
18-10-2023,237,power yoga,110,it,basic,2,it,23-3-2022,pc,6160,3
14-10-2023,64,power yoga,109,it,advanced,2,it,4-11-2022,tv,6253,5
7-8-2021,11,meditation,114,en,intermediate,0,uk,23-11-2020,mobile,234,4
27-4-2023,230,power yoga,100,it,advanced,1,it,9-1-2020,mobile,6280,2
14-11-2023,201,vinyasa,108,en,intermediate,0,uk,25-11-2022,pc,4384,5
21-3-2023,51,hatha,115,fr,advanced,2,fr,9-7-2022,tv,3282,2
18-7-2023,181,power yoga,106,fr,advanced,2,fr,9-12-2020,tv,6285,1
19-10-2022,7,hatha,104,en,advanced,0,uk,1-9-2021,mobile,3239,5
22-7-2022,46,power yoga,101,it,advanced,3,it,8-5-2021,mobile,6291,2
15-2-2023,183,vinyasa,105,en,basic,2,uk,20-8-2021,mobile,4170,5
8-6-2023,189,power yoga,112,it,basic,1,it,5-6-2021,tv,6163,5
15-8-2022,160,power yoga,101,fr,advanced,1,fr,1-1-2021,tv,625,3
1-4-2022,180,power yoga,101,it,intermediate,1,it,8-2-2021,mobile,635,1
1-9-2022,6,hatha,107,en,advanced,3,uk,14-9-2020,tv,328,3
20-1-2022,74,hatha,106,en,intermediate,3,uk,4-7-2021,mobile,3367,1
15-5-2023,234,power yoga,100,it,advanced,0,it,19-11-2021,tv,6260,5
13-6-2021,19,power yoga,100,it,intermediate,3,it,12-4-2020,pc,6341,4
8-4-2022,63,vinyasa,103,en,basic,0,uk,27-2-2020,pc,4149,3
4-6-2022,57,power yoga,105,it,intermediate,1,it,11-7-2020,pc,6320,2
19-8-2023,26,power yoga,109,fr,basic,3,fr,20-7-2021,tv,6142,1
25-3-2023,150,power yoga,110,it,advanced,1,it,1-4-2021,mobile,621,5
20-2-2023,85,power yoga,105,en,advanced,2,uk,28-3-2020,tv,6263,5
3-9-2023,214,vinyasa,111,it,advanced,3,it,24-3-2020,pc,4211,5
23-1-2023,165,meditation,119,fr,intermediate,2,fr,3-8-2020,mobile,2369,3
28-1-2023,43,power yoga,109,fr,advanced,1,fr,14-9-2022,tv,6230,1
14-11-2023,203,power yoga,110,it,advanced,3,it,28-3-2021,tv,6269,5
9-11-2023,222,hatha,108,it,advanced,2,it,5-5-2021,pc,3283,2
23-8-2023,182,vinyasa,120,fr,basic,0,fr,14-3-2020,tv,4138,4
28-1-2022,218,hatha,112,it,advanced,0,it,16-2-2021,mobile,3258,3
14-7-2023,104,vinyasa,118,fr,basic,0,fr,11-4-2022,tv,4173,3
27-3-2023,125,power yoga,116,it,basic,1,it,17-4-2021,tv,6112,4
1-3-2022,138,vinyasa,115,en,basic,3,uk,6-4-2020,tv,4184,1
5-1-2022,18,meditation,108,it,basic,1,it,14-12-2021,pc,2180,1
22-3-2023,142,vinyasa,122,it,basic,2,it,20-5-2022,pc,418,1
13-4-2023,92,hatha,103,fr,advanced,0,fr,24-10-2021,mobile,3266,3
9-1-2023,47,power yoga,102,it,intermediate,1,it,10-8-2022,tv,6381,5
12-11-2023,59,meditation,107,it,basic,1,it,25-6-2021,pc,2136,5
2-11-2023,132,vinyasa,101,fr,advanced,1,fr,25-7-2022,tv,422,2
14-8-2022,65,vinyasa,119,it,advanced,2,it,4-5-2020,tv,426,5
23-5-2023,175,vinyasa,118,it,intermediate,1,it,27-2-2021,pc,4391,4
8-10-2023,106,vinyasa,115,it,intermediate,2,it,23-12-2022,tv,4353,4
22-7-2022,16,meditation,114,it,advanced,2,it,2-4-2020,pc,228,1
26-2-2023,86,power yoga,115,it,intermediate,3,it,14-11-2022,pc,6385,2
28-9-2022,136,power yoga,109,it,advanced,2,it,7-5-2021,tv,6284,2
27-12-2022,40,meditation,114,it,basic,2,it,8-9-2021,mobile,2163,1
22-11-2023,97,vinyasa,101,en,advanced,1,uk,21-5-2021,tv,4213,5
15-4-2023,105,power yoga,110,en,advanced,3,uk,25-1-2022,pc,6229,3
16-4-2022,216,power yoga,106,it,intermediate,2,it,8-10-2021,tv,6340,4
11-7-2021,60,power yoga,116,en,advanced,0,uk,10-11-2020,tv,6282,1
8-1-2023,185,hatha,119,it,advanced,2,it,21-10-2020,pc,329,3
25-6-2023,102,power yoga,105,en,advanced,3,uk,10-5-2021,mobile,6217,4
21-11-2022,87,power yoga,107,en,intermediate,0,uk,12-9-2021,tv,6330,1
6-3-2023,156,power yoga,115,fr,advanced,2,fr,18-2-2022,pc,6263,4
6-12-2023,168,power yoga,121,it,basic,3,it,15-10-2022,mobile,6117,3
22-2-2023,54,power yoga,105,fr,basic,1,fr,2-5-2022,pc,614,1
18-2-2023,53,power yoga,120,it,advanced,3,it,8-10-2020,tv,6283,1
18-11-2023,64,power yoga,112,it,basic,1,it,4-11-2022,mobile,6142,5
14-11-2023,115,hatha,113,fr,advanced,2,fr,8-1-2020,pc,3287,4
21-3-2021,65,power yoga,101,en,advanced,2,uk,4-5-2020,mobile,6237,4
1-9-2021,66,vinyasa,105,en,basic,1,uk,19-3-2020,pc,4171,2
8-8-2021,98,power yoga,109,fr,intermediate,0,fr,26-9-2020,mobile,6338,3
15-5-2022,29,meditation,100,en,basic,2,uk,6-7-2021,tv,2169,4
10-8-2021,85,power yoga,118,it,advanced,2,it,28-3-2020,pc,6237,4
9-8-2023,127,vinyasa,112,en,advanced,1,uk,26-5-2021,tv,4245,2
17-4-2022,216,power yoga,111,fr,intermediate,0,fr,8-10-2021,tv,635,3
20-7-2022,181,vinyasa,116,it,basic,1,it,9-12-2020,pc,4168,2
21-8-2023,131,power yoga,106,en,advanced,0,uk,26-3-2022,mobile,6274,1
7-10-2023,215,vinyasa,115,it,advanced,2,it,5-5-2022,mobile,4271,5
17-4-2023,196,vinyasa,121,fr,basic,2,fr,4-6-2022,mobile,413,4
3-9-2023,164,meditation,115,fr,intermediate,1,fr,20-2-2021,tv,2382,5
20-1-2023,35,power yoga,102,en,basic,0,uk,19-7-2022,mobile,6121,4
22-2-2023,238,hatha,104,en,intermediate,0,uk,16-9-2020,tv,3321,1
21-7-2023,227,power yoga,108,en,basic,3,uk,17-2-2022,pc,6160,3
3-5-2023,90,vinyasa,112,en,advanced,1,uk,13-3-2022,tv,4283,5
28-10-2022,113,power yoga,105,it,advanced,2,it,18-1-2021,pc,6243,4
12-4-2023,35,power yoga,117,fr,intermediate,1,fr,19-7-2022,tv,6399,5
13-5-2022,53,power yoga,118,en,basic,2,uk,8-10-2020,pc,6146,4
28-11-2023,215,vinyasa,122,fr,advanced,0,fr,5-5-2022,tv,4270,2
14-7-2023,47,hatha,105,en,basic,2,uk,10-8-2022,mobile,3175,2
3-3-2023,123,vinyasa,100,en,basic,0,uk,19-9-2021,mobile,4145,2
21-9-2022,30,meditation,119,it,advanced,1,it,23-1-2021,pc,2237,4
9-3-2023,185,vinyasa,101,en,basic,0,uk,21-10-2020,mobile,4198,5
4-9-2022,1,power yoga,119,it,basic,3,it,20-5-2021,tv,6152,1
16-2-2022,85,power yoga,102,en,intermediate,3,uk,28-3-2020,tv,6326,2
3-1-2023,133,power yoga,119,en,advanced,3,uk,19-7-2022,pc,6255,1
21-6-2021,85,vinyasa,101,en,basic,0,uk,28-3-2020,tv,4111,1
2-10-2021,149,hatha,116,en,basic,1,uk,11-5-2020,tv,3168,3
6-3-2022,83,power yoga,105,it,advanced,0,it,23-7-2020,tv,6272,4
9-12-2022,48,power yoga,116,en,basic,0,uk,21-10-2020,mobile,6111,5
4-5-2022,173,meditation,112,en,advanced,3,uk,12-12-2021,mobile,2244,1
8-7-2023,35,hatha,115,en,advanced,3,uk,19-7-2022,tv,3293,2
18-4-2023,149,power yoga,117,it,intermediate,1,it,11-5-2020,tv,6389,3
1-1-2023,62,power yoga,102,fr,advanced,1,fr,3-9-2022,pc,6239,3
24-6-2022,212,power yoga,105,it,intermediate,1,it,27-2-2020,pc,6332,5
9-1-2022,93,hatha,121,fr,basic,1,fr,4-7-2021,mobile,3115,3
11-3-2023,80,hatha,111,fr,basic,1,fr,7-7-2021,tv,3154,3
2-7-2023,213,power yoga,115,en,intermediate,3,uk,24-9-2021,pc,637,2
4-8-2022,182,power yoga,113,it,advanced,1,it,14-3-2020,tv,624,4
15-12-2022,115,vinyasa,119,en,advanced,3,uk,8-1-2020,tv,4258,2
19-4-2022,78,vinyasa,111,it,advanced,1,it,24-2-2021,mobile,4214,4
21-6-2023,231,power yoga,109,fr,intermediate,1,fr,3-1-2022,tv,6323,4
27-7-2022,190,power yoga,105,en,advanced,3,uk,28-6-2021,pc,6232,1
5-4-2022,127,meditation,106,it,basic,3,it,26-5-2021,tv,2123,2
24-6-2023,28,power yoga,119,it,basic,1,it,1-6-2022,tv,6131,5
12-12-2022,59,vinyasa,111,en,basic,3,uk,25-6-2021,tv,4140,2
10-5-2023,62,vinyasa,103,it,advanced,3,it,3-9-2022,tv,4254,5
2-12-2023,78,meditation,110,it,advanced,2,it,24-2-2021,mobile,2242,3
8-10-2023,16,vinyasa,101,en,advanced,0,uk,2-4-2020,tv,4222,2
22-1-2022,112,hatha,119,en,intermediate,2,uk,21-5-2021,tv,3313,4
1-8-2023,115,vinyasa,108,en,intermediate,3,uk,8-1-2020,pc,4389,1
26-9-2023,208,power yoga,105,en,advanced,1,uk,20-11-2022,tv,6252,5
25-2-2022,71,vinyasa,110,en,basic,3,uk,10-5-2021,pc,4141,3
19-12-2023,68,power yoga,116,it,advanced,1,it,14-12-2020,pc,6238,5
12-9-2023,222,vinyasa,116,it,basic,2,it,5-5-2021,tv,4169,2
6-3-2022,18,vinyasa,102,fr,advanced,3,fr,14-12-2021,tv,4224,4
25-1-2023,212,meditation,116,it,advanced,2,it,27-2-2020,pc,2242,1
4-9-2022,244,vinyasa,110,en,intermediate,2,uk,25-5-2021,mobile,4353,3
22-9-2023,51,meditation,122,it,intermediate,3,it,9-7-2022,tv,2343,3
9-12-2023,176,vinyasa,119,en,advanced,3,uk,7-1-2021,tv,425,3
20-3-2022,240,hatha,106,it,advanced,2,it,15-1-2021,pc,3236,1
3-3-2023,94,hatha,114,en,advanced,1,uk,24-3-2020,pc,3233,4
22-11-2023,39,power yoga,114,it,intermediate,3,it,3-8-2020,mobile,6317,3
2-8-2023,80,hatha,101,fr,intermediate,0,fr,7-7-2021,tv,3350,3
2-12-2022,204,meditation,105,it,basic,3,it,27-7-2021,tv,2137,5
2-11-2021,185,meditation,116,en,basic,3,uk,21-10-2020,pc,2110,3
23-3-2022,140,power yoga,120,it,advanced,0,it,3-10-2021,tv,6218,4
11-4-2023,226,hatha,108,en,basic,2,uk,4-10-2020,pc,3141,4
27-3-2023,158,hatha,108,fr,advanced,1,fr,18-3-2020,pc,3248,4
28-4-2023,87,vinyasa,114,fr,advanced,0,fr,12-9-2021,tv,4241,5
21-4-2023,217,meditation,117,en,basic,2,uk,7-2-2022,tv,2111,1
3-11-2023,10,power yoga,121,it,advanced,3,it,5-8-2022,tv,6232,5
23-6-2022,135,power yoga,100,fr,intermediate,1,fr,16-8-2021,mobile,6375,2
27-4-2021,3,meditation,107,it,advanced,1,it,22-7-2020,pc,2269,4
11-5-2023,72,vinyasa,114,fr,basic,1,fr,12-10-2022,mobile,4159,1
19-12-2023,166,vinyasa,101,it,advanced,0,it,22-7-2021,tv,4224,2
8-2-2022,235,vinyasa,107,it,basic,0,it,11-2-2021,pc,4139,1
18-9-2023,32,power yoga,116,fr,intermediate,3,fr,7-3-2022,tv,6347,3
28-12-2023,84,hatha,111,it,basic,1,it,9-6-2020,mobile,3116,1
28-4-2023,4,vinyasa,117,it,advanced,3,it,10-5-2022,tv,4262,1
15-2-2023,193,power yoga,112,it,basic,2,it,14-11-2021,pc,6135,1
12-9-2023,181,hatha,122,fr,basic,3,fr,9-12-2020,mobile,3133,5
20-9-2022,71,meditation,107,fr,basic,2,fr,10-5-2021,tv,2178,4
18-5-2023,100,power yoga,103,it,advanced,1,it,2-2-2022,pc,629,5
24-11-2022,11,power yoga,109,fr,basic,3,fr,23-11-2020,tv,6159,4
13-1-2023,28,power yoga,106,it,advanced,3,it,1-6-2022,pc,6263,3
10-10-2023,12,power yoga,119,it,advanced,3,it,21-8-2022,tv,622,4
22-2-2021,24,power yoga,102,it,advanced,2,it,9-9-2020,tv,6295,1
16-12-2023,87,vinyasa,102,it,intermediate,3,it,12-9-2021,pc,4322,4
4-10-2023,37,vinyasa,116,en,intermediate,0,uk,4-9-2021,pc,4330,5
1-4-2022,11,meditation,104,it,advanced,0,it,23-11-2020,mobile,2225,2
6-4-2023,164,power yoga,114,it,advanced,3,it,20-2-2021,tv,6236,3
26-2-2022,116,hatha,115,it,advanced,3,it,9-10-2021,tv,3251,2
25-1-2023,20,vinyasa,118,en,basic,2,uk,10-2-2020,tv,4143,1
1-9-2021,73,hatha,109,it,basic,0,it,14-11-2020,mobile,3190,4
18-5-2021,24,hatha,110,fr,advanced,0,fr,9-9-2020,pc,3251,2
5-6-2023,45,vinyasa,108,it,advanced,3,it,16-10-2022,tv,4220,1
23-6-2022,183,power yoga,117,it,intermediate,0,it,20-8-2021,tv,6311,1
17-6-2022,190,power yoga,107,it,intermediate,3,it,28-6-2021,pc,6355,3
28-4-2022,120,vinyasa,114,en,advanced,0,uk,23-9-2021,mobile,429,5
21-7-2023,192,power yoga,115,it,advanced,3,it,1-5-2020,tv,6299,1
16-6-2023,202,hatha,100,it,intermediate,2,it,4-2-2020,tv,3356,4
20-12-2022,93,power yoga,104,fr,basic,1,fr,4-7-2021,pc,6158,2
9-7-2021,77,power yoga,122,fr,basic,1,fr,1-6-2020,pc,6136,3
26-2-2023,2,hatha,109,it,advanced,3,it,6-1-2022,pc,3212,4
2-3-2021,181,power yoga,103,fr,advanced,2,fr,9-12-2020,tv,6262,5
5-7-2023,2,power yoga,109,it,intermediate,2,it,6-1-2022,mobile,6336,3
16-9-2023,237,hatha,118,en,advanced,3,uk,23-3-2022,pc,3250,3
8-9-2022,103,power yoga,103,en,intermediate,0,uk,25-3-2020,tv,6333,1
16-9-2023,38,vinyasa,104,en,advanced,0,uk,2-1-2021,pc,4258,2
5-12-2022,176,vinyasa,114,fr,intermediate,0,fr,7-1-2021,tv,4379,5
8-6-2022,23,power yoga,119,it,intermediate,2,it,20-9-2021,tv,6387,2
19-8-2023,33,meditation,111,en,basic,2,uk,2-7-2022,pc,2157,1
7-11-2022,240,meditation,121,it,basic,2,it,15-1-2021,pc,2171,1
17-7-2023,105,vinyasa,109,fr,advanced,2,fr,25-1-2022,tv,4224,3
12-3-2022,214,vinyasa,121,it,advanced,1,it,24-3-2020,mobile,4264,5
21-11-2023,86,meditation,113,it,basic,3,it,14-11-2022,mobile,2181,4
24-11-2023,206,power yoga,114,en,advanced,0,uk,7-11-2020,tv,6216,5
5-11-2023,121,power yoga,107,fr,advanced,1,fr,3-11-2020,pc,6215,5
17-7-2021,209,meditation,115,en,advanced,0,uk,6-7-2020,pc,225,4
5-7-2021,63,power yoga,122,en,intermediate,1,uk,27-2-2020,tv,6388,4
5-11-2023,183,power yoga,116,en,advanced,1,uk,20-8-2021,pc,6233,2
16-3-2023,52,power yoga,115,it,advanced,1,it,15-3-2022,pc,6210,4
6-3-2023,143,power yoga,102,fr,advanced,1,fr,22-5-2022,tv,6265,5
3-6-2023,196,hatha,106,fr,basic,2,fr,4-6-2022,tv,3180,3
1-6-2023,156,power yoga,112,fr,advanced,1,fr,18-2-2022,tv,6268,5
27-3-2023,124,power yoga,111,en,intermediate,0,uk,14-9-2022,tv,6395,2
4-5-2023,116,vinyasa,102,fr,intermediate,0,fr,9-10-2021,pc,4384,1
4-2-2023,66,vinyasa,120,it,advanced,1,it,19-3-2020,tv,4277,3
25-10-2023,245,meditation,100,en,intermediate,3,uk,28-11-2022,mobile,2366,5
10-12-2022,38,power yoga,104,it,basic,1,it,2-1-2021,mobile,6197,2
3-4-2022,171,meditation,101,fr,intermediate,1,fr,9-8-2021,tv,2339,5
15-11-2022,190,meditation,114,it,advanced,1,it,28-6-2021,tv,2274,5
8-12-2023,124,power yoga,101,en,advanced,2,uk,14-9-2022,tv,6235,1
1-8-2023,65,vinyasa,115,fr,intermediate,0,fr,4-5-2020,tv,4348,2
3-5-2022,17,meditation,112,en,intermediate,3,uk,2-7-2021,tv,2313,1
21-4-2023,132,vinyasa,119,it,advanced,2,it,25-7-2022,mobile,4284,4
14-4-2022,240,vinyasa,120,fr,advanced,0,fr,15-1-2021,pc,4295,2
11-10-2021,79,vinyasa,110,it,intermediate,2,it,12-12-2020,tv,4378,3
15-7-2023,244,hatha,117,fr,advanced,0,fr,25-5-2021,tv,3250,3
1-7-2023,100,meditation,111,en,basic,1,uk,2-2-2022,mobile,2139,4
1-9-2023,143,hatha,118,it,intermediate,1,it,22-5-2022,pc,3398,2
9-2-2023,158,power yoga,119,en,intermediate,3,uk,18-3-2020,mobile,6362,2
2-5-2023,99,power yoga,100,fr,basic,2,fr,20-1-2022,mobile,6163,2
1-5-2022,20,power yoga,105,en,advanced,3,uk,10-2-2020,pc,6280,4
13-12-2022,58,hatha,108,en,basic,0,uk,18-11-2021,mobile,314,5
21-1-2023,17,vinyasa,111,it,advanced,0,it,2-7-2021,tv,4214,3
18-7-2021,181,hatha,118,it,advanced,3,it,9-12-2020,mobile,326,1
14-8-2021,65,hatha,109,en,intermediate,3,uk,4-5-2020,tv,3344,4
23-6-2022,160,vinyasa,107,en,basic,2,uk,1-1-2021,pc,4127,3
12-8-2022,136,power yoga,105,it,basic,3,it,7-5-2021,tv,6194,3
2-6-2021,139,vinyasa,115,fr,basic,3,fr,28-3-2020,tv,4199,5
1-5-2022,150,meditation,115,fr,intermediate,3,fr,1-4-2021,pc,2322,2
7-11-2023,120,power yoga,119,it,advanced,2,it,23-9-2021,tv,6269,3
8-5-2022,138,vinyasa,121,fr,advanced,1,fr,6-4-2020,pc,4229,4
11-11-2023,100,power yoga,101,it,basic,0,it,2-2-2022,tv,6149,4
12-12-2023,20,meditation,102,en,intermediate,3,uk,10-2-2020,pc,2319,5
24-12-2022,7,vinyasa,113,en,basic,3,uk,1-9-2021,mobile,4118,5
11-5-2023,104,hatha,107,fr,intermediate,2,fr,11-4-2022,tv,3371,4
20-2-2023,162,vinyasa,106,fr,advanced,0,fr,6-9-2022,tv,4295,3
21-3-2022,107,hatha,111,en,advanced,1,uk,14-11-2020,pc,3295,2
17-3-2023,223,power yoga,116,en,basic,1,uk,1-12-2020,tv,6137,5
21-3-2023,59,vinyasa,102,en,advanced,2,uk,25-6-2021,pc,4298,5
23-8-2023,88,vinyasa,114,en,advanced,3,uk,12-11-2022,mobile,4241,1
14-7-2023,167,power yoga,106,en,advanced,0,uk,27-9-2022,pc,6294,2
12-12-2022,44,hatha,121,en,intermediate,1,uk,9-12-2020,tv,3363,2
14-3-2023,137,power yoga,104,en,intermediate,1,uk,1-3-2022,tv,6314,1
28-1-2022,144,hatha,118,it,advanced,1,it,13-4-2020,pc,328,4
4-11-2021,145,vinyasa,100,it,basic,0,it,13-1-2020,tv,4190,4
13-10-2023,167,vinyasa,108,it,basic,1,it,27-9-2022,tv,4195,3
25-9-2022,205,power yoga,120,it,basic,0,it,22-1-2021,tv,6155,4
13-9-2021,11,meditation,122,it,intermediate,0,it,23-11-2020,mobile,2339,4
13-2-2023,237,power yoga,113,en,basic,1,uk,23-3-2022,mobile,6136,3
9-3-2023,131,meditation,109,it,basic,0,it,26-3-2022,pc,2186,2
7-11-2023,131,power yoga,109,it,basic,1,it,26-3-2022,mobile,6117,3
5-12-2023,45,power yoga,115,fr,advanced,2,fr,16-10-2022,tv,6270,1
11-12-2023,189,meditation,115,it,basic,2,it,5-6-2021,tv,2141,3
11-5-2023,236,vinyasa,118,fr,advanced,1,fr,19-5-2022,tv,4253,3
8-8-2023,209,meditation,105,it,intermediate,1,it,6-7-2020,pc,2369,1
2-2-2021,182,power yoga,118,en,basic,3,uk,14-3-2020,mobile,6110,5
25-10-2022,63,vinyasa,120,fr,basic,2,fr,27-2-2020,mobile,4181,2
3-7-2023,49,vinyasa,110,it,advanced,0,it,24-10-2020,tv,4284,4
20-11-2023,70,meditation,100,it,basic,0,it,3-12-2021,tv,2149,1